DROP TABLE IF EXISTS `email`;
CREATE TABLE IF NOT EXISTS `email` (
  `id` int(11) NOT NULL AUTO_INCREMENT,
  `website_name` varchar(100) NOT NULL,
  `smtp_server` varchar(100) NOT NULL,
  `smtp_port` int(10) NOT NULL,
  `email_login` varchar(150) NOT NULL,
  `email_pass` varchar(100) NOT NULL,
  `from_name` varchar(100) NOT NULL,
  `from_email` varchar(150) NOT NULL,
  `transport` varchar(255) NOT NULL,
  `verify_url` varchar(255) NOT NULL,
  `email_act` int(1) NOT NULL,
  PRIMARY KEY (`id`)
) ENGINE=InnoDB AUTO_INCREMENT=2 DEFAULT CHARSET=utf8;

INSERT INTO `email` (`id`, `website_name`, `smtp_server`, `smtp_port`, `email_login`, `email_pass`, `from_name`, `from_email`, `transport`, `verify_url`, `email_act`) VALUES
(1, 'User Spice', 'mail.userspice.com', 587, 'noreply@userspice.com', 'password', 'Your Name', 'noreply@userspice.com', 'tls', 'http://localhost/us4/', 0);

-- --------------------------------------------------------

DROP TABLE IF EXISTS `keys`;
CREATE TABLE IF NOT EXISTS `keys` (
  `id` int(11) NOT NULL AUTO_INCREMENT,
  `stripe_ts` varchar(255) NOT NULL,
  `stripe_tp` varchar(255) NOT NULL,
  `stripe_ls` varchar(255) NOT NULL,
  `stripe_lp` varchar(255) NOT NULL,
  `recap_pub` varchar(100) NOT NULL,
  `recap_pri` varchar(100) NOT NULL,
  PRIMARY KEY (`id`)
) ENGINE=InnoDB DEFAULT CHARSET=utf8;

-- --------------------------------------------------------

DROP TABLE IF EXISTS `pages`;
CREATE TABLE IF NOT EXISTS `pages` (
  `id` int(11) NOT NULL AUTO_INCREMENT,
  `page` varchar(100) NOT NULL,
  `private` int(11) NOT NULL DEFAULT '0',
  PRIMARY KEY (`id`)
) ENGINE=InnoDB AUTO_INCREMENT=46 DEFAULT CHARSET=utf8;

INSERT INTO `pages` (`id`, `page`, `private`) VALUES
(1, 'index.php', 0),
(2, 'z_us_root.php', 0),
(5, 'users/admin_page.php', 1),
(6, 'users/admin_pages.php', 1),
(12, 'users/email_settings.php', 1),
(13, 'users/email_test.php', 1),
(14, 'users/forgot_password.php', 0),
(15, 'users/forgot_password_reset.php', 0),
(16, 'users/index.php', 0),
(17, 'users/init.php', 0),
(18, 'users/join.php', 0),
(19, 'users/joinThankYou.php', 0),
(20, 'users/login.php', 0),
(21, 'users/logout.php', 0),
(24, 'users/user_settings.php', 1),
(25, 'users/verify.php', 0),
(26, 'users/verify_resend.php', 0),
(27, 'users/view_all_users.php', 1),
(31, 'usersc/admin.php', 1),
(32, 'usersc/admin_user.php', 1),
(33, 'usersc/admin_users.php', 1),
(36, 'usersc/admin_permission.php', 1),
(37, 'usersc/admin_permissions.php', 1),
(38, 'usersc/edit_profile.php', 1),
(39, 'usersc/profile.php', 1),
(43, 'usersc/account.php', 1),
(44, 'usersc/admin_usergroup.php', 1),
(45, 'usersc/admin_usergroups.php', 1);

-- --------------------------------------------------------

DROP TABLE IF EXISTS `permissions`;
CREATE TABLE IF NOT EXISTS `permissions` (
  `id` int(11) NOT NULL AUTO_INCREMENT,
  `name` varchar(150) NOT NULL,
  PRIMARY KEY (`id`)
) ENGINE=InnoDB AUTO_INCREMENT=7 DEFAULT CHARSET=utf8;

INSERT INTO `permissions` (`id`, `name`) VALUES
(1, 'User'),
(2, 'Administrator');

-- --------------------------------------------------------

DROP TABLE IF EXISTS `permission_page_matches`;
CREATE TABLE IF NOT EXISTS `permission_page_matches` (
  `id` int(11) NOT NULL AUTO_INCREMENT,
  `permission_id` int(11) NOT NULL,
  `page_id` int(11) NOT NULL,
  PRIMARY KEY (`id`)
) ENGINE=InnoDB AUTO_INCREMENT=31 DEFAULT CHARSET=utf8;

INSERT INTO `permission_page_matches` (`id`, `permission_id`, `page_id`) VALUES
(2, 2, 27),
(3, 1, 24),
(4, 1, 22),
(5, 2, 13),
(6, 2, 12),
(7, 1, 11),
(8, 2, 10),
(9, 2, 9),
(10, 2, 8),
(11, 2, 7),
(12, 2, 6),
(13, 2, 5),
(14, 2, 4),
(15, 1, 3);

-- --------------------------------------------------------

DROP TABLE IF EXISTS `profiles`;
CREATE TABLE IF NOT EXISTS `profiles` (
  `id` int(11) NOT NULL AUTO_INCREMENT,
  `user_id` int(11) NOT NULL,
  `bio` text NOT NULL,
  PRIMARY KEY (`id`)
) ENGINE=InnoDB AUTO_INCREMENT=30 DEFAULT CHARSET=utf8;

INSERT INTO `profiles` (`id`, `user_id`, `bio`) VALUES
(1, 1, '<h1>This is the Admin''s bio.</h1>'),
(2, 2, '<p>This is&nbsp;my bio.</p>\r\n<p>I''m the user.</p>');

-- --------------------------------------------------------

DROP TABLE IF EXISTS `settings`;
CREATE TABLE IF NOT EXISTS `settings` (
  `id` int(50) NOT NULL AUTO_INCREMENT,
  `recaptcha` int(1) NOT NULL DEFAULT '0',
  `force_ssl` int(1) NOT NULL,
  `login_type` varchar(20) NOT NULL,
  `css_sample` int(1) NOT NULL,
  `us_css1` varchar(255) NOT NULL,
  `us_css2` varchar(255) NOT NULL,
  `us_css3` varchar(255) NOT NULL,
  `css1` varchar(255) NOT NULL,
  `css2` varchar(255) NOT NULL,
  `css3` varchar(255) NOT NULL,
  `site_name` varchar(100) NOT NULL,
  `language` varchar(255) NOT NULL,
  `track_guest` int(1) NOT NULL,
  `site_offline` int(1) NOT NULL,
  `force_pr` int(1) NOT NULL,
  `reserved1` varchar(100) NOT NULL,
  `reserverd2` varchar(100) NOT NULL,
  `custom1` varchar(100) NOT NULL,
  `custom2` varchar(100) NOT NULL,
  `custom3` varchar(100) NOT NULL,
  `ldap_address` varchar(50) NOT NULL,
  `ldap_prefix` varchar(20) NOT NULL,
  PRIMARY KEY (`id`)
) ENGINE=InnoDB AUTO_INCREMENT=2 DEFAULT CHARSET=utf8;

INSERT INTO `settings` (`id`, `recaptcha`, `force_ssl`, `login_type`, `css_sample`, `us_css1`, `us_css2`, `us_css3`, `css1`, `css2`, `css3`, `site_name`, `language`, `track_guest`, `site_offline`, `force_pr`, `reserved1`, `reserverd2`, `custom1`, `custom2`, `custom3`, `ldap_address`, `ldap_prefix`) VALUES
(1, 0, 0, '', 1, '../users/css/color_schemes/bootstrap.min.css', '../users/css/sb-admin.css', '../usersc/css/custom.css', '', '', '', 'Rukichirimoshi UserSpice', 'en', 1, 0, 0, '', '', '', '', '', '', '');

-- --------------------------------------------------------

DROP TABLE IF EXISTS `users`;
CREATE TABLE IF NOT EXISTS `users` (
  `id` int(11) NOT NULL AUTO_INCREMENT,
  `email` varchar(155) NOT NULL,
  `username` varchar(255) NOT NULL,
  `password` varchar(255) NOT NULL,
  `fname` varchar(255) NOT NULL,
  `lname` varchar(255) NOT NULL,
  `permissions` int(11) NOT NULL,
  `logins` int(100) NOT NULL,
  `account_owner` tinyint(4) NOT NULL DEFAULT '0',
  `account_id` int(11) NOT NULL DEFAULT '0',
  `company` varchar(255) NOT NULL,
  `stripe_cust_id` varchar(255) NOT NULL,
  `billing_phone` varchar(20) NOT NULL,
  `billing_srt1` varchar(255) NOT NULL,
  `billing_srt2` varchar(255) NOT NULL,
  `billing_city` varchar(255) NOT NULL,
  `billing_state` varchar(255) NOT NULL,
  `billing_zip_code` varchar(255) NOT NULL,
  `join_date` datetime NOT NULL,
  `last_login` datetime NOT NULL,
  `email_verified` tinyint(4) NOT NULL DEFAULT '0',
  `vericode` varchar(15) NOT NULL,
  `title` varchar(100) NOT NULL,
  `active` int(1) NOT NULL,
  `custom1` varchar(255) NOT NULL,
  `custom2` varchar(255) NOT NULL,
  `custom3` varchar(255) NOT NULL,
  `custom4` varchar(255) NOT NULL,
  `custom5` varchar(255) NOT NULL,
  `ldap` int(1) NOT NULL DEFAULT '0',
  PRIMARY KEY (`id`),
  KEY `EMAIL` (`email`) USING BTREE
) ENGINE=InnoDB AUTO_INCREMENT=30 DEFAULT CHARSET=utf8;

INSERT INTO `users` (`id`, `email`, `username`, `password`, `fname`, `lname`, `permissions`, `logins`, `account_owner`, `account_id`, `company`, `stripe_cust_id`, `billing_phone`, `billing_srt1`, `billing_srt2`, `billing_city`, `billing_state`, `billing_zip_code`, `join_date`, `last_login`, `email_verified`, `vericode`, `title`, `active`, `custom1`, `custom2`, `custom3`, `custom4`, `custom5`, `ldap`) VALUES
(1, 'userspicephp@gmail.com', 'admin', '$2y$12$1v06jm2KMOXuuo3qP7erTuTIJFOnzhpds1Moa8BadnUUeX0RV3ex.', 'Admin', 'User', 1, 36, 1, 0, 'UserSpice', '', '', '', '', '', '', '', '2016-01-01 00:00:00', '2016-09-01 07:08:48', 1, '322418', '', 0, '', '', '', '', '', 0),
(2, 'noreply@userspice.com', 'user', '$2y$12$HZa0/d7evKvuHO8I3U8Ff.pOjJqsGTZqlX8qURratzP./EvWetbkK', 'user', 'user', 1, 4, 1, 0, 'none', '', '', '', '', '', '', '', '2016-01-02 00:00:00', '2016-09-01 07:02:09', 1, '970748', '', 1, '', '', '', '', '', 0);

-- --------------------------------------------------------

DROP TABLE IF EXISTS `users_online`;
CREATE TABLE IF NOT EXISTS `users_online` (
  `id` int(10) NOT NULL AUTO_INCREMENT,
  `ip` varchar(15) NOT NULL,
  `timestamp` varchar(15) NOT NULL,
  `user_id` int(10) DEFAULT NULL,
  `session` varchar(50) NOT NULL,
  PRIMARY KEY (`id`)
) ENGINE=InnoDB AUTO_INCREMENT=33 DEFAULT CHARSET=utf8;

-- --------------------------------------------------------

DROP TABLE IF EXISTS `users_session`;
CREATE TABLE IF NOT EXISTS `users_session` (
  `id` int(11) NOT NULL AUTO_INCREMENT,
  `user_id` int(11) NOT NULL,
  `hash` varchar(255) NOT NULL,
  `uagent` text,
  PRIMARY KEY (`id`)
) ENGINE=InnoDB DEFAULT CHARSET=utf8;

-- --------------------------------------------------------

DROP TABLE IF EXISTS `user_groups`;
CREATE TABLE IF NOT EXISTS `user_groups` (
  `id` int(11) NOT NULL AUTO_INCREMENT,
  `name` varchar(150) NOT NULL,
  PRIMARY KEY (`id`)
) ENGINE=InnoDB AUTO_INCREMENT=3 DEFAULT CHARSET=utf8;

INSERT INTO `user_groups` (`id`, `name`) VALUES
(1, 'Administrators'),
(2, 'Moderators');

-- --------------------------------------------------------

DROP TABLE IF EXISTS `user_groups_permissions_matches`;
CREATE TABLE IF NOT EXISTS `user_groups_permissions_matches` (
  `id` int(11) NOT NULL AUTO_INCREMENT,
  `group_id` int(11) NOT NULL,
  `permission_id` int(11) NOT NULL,
  PRIMARY KEY (`id`)
) ENGINE=InnoDB AUTO_INCREMENT=2 DEFAULT CHARSET=utf8;

INSERT INTO `user_groups_permissions_matches` (`id`, `group_id`, `permission_id`) VALUES
(1, 1, 2);

-- --------------------------------------------------------

DROP TABLE IF EXISTS `user_groups_user_matches`;
CREATE TABLE IF NOT EXISTS `user_groups_user_matches` (
  `id` int(11) NOT NULL AUTO_INCREMENT,
  `group_id` int(11) NOT NULL,
  `user_id` int(11) NOT NULL,
  PRIMARY KEY (`id`)
) ENGINE=InnoDB AUTO_INCREMENT=3 DEFAULT CHARSET=utf8;

INSERT INTO `user_groups_user_matches` (`id`, `group_id`, `user_id`) VALUES
(1, 1, 1);

-- --------------------------------------------------------

DROP TABLE IF EXISTS `user_permission_matches`;
CREATE TABLE IF NOT EXISTS `user_permission_matches` (
  `id` int(11) NOT NULL AUTO_INCREMENT,
  `user_id` int(11) NOT NULL,
  `permission_id` int(11) NOT NULL,
  PRIMARY KEY (`id`)
) ENGINE=InnoDB AUTO_INCREMENT=176 DEFAULT CHARSET=utf8;

INSERT INTO `user_permission_matches` (`id`, `user_id`, `permission_id`) VALUES
(100, 1, 1),
(101, 1, 2),
(102, 2, 1);